advertiser,type,ads,dominant_hook,dominant_format,dominant_indication,dominant_awareness,offer_type,pages_tested,mismatch_rate_pct,break_rate_pct,claim_risk_rate_pct,biggest_deviation,longest_days,sample_ad_ids
Sofwave,device_manufacturer,18,social_proof (67%),testimonial_ugc (33%),laxity_tightening (67%),product_aware (100%),no_offer (100%),2,0,0,22,"[""modality"", ""unspecified"", 100, 79]",197,1904080990214482|965755216321911|1669575441153480|1347957490120770|28443013378656976
LaserAway,national_chain,7,direct_offer (100%),offer_promo (71%),general_glow (43%),most_aware (71%),percent_off (43%),7,29,0,0,"[""funnel"", ""bottom_retargeting"", 100, 70]",31,2595281784267218|1694758858284339|1350550960577447|1605297281391666|1400698368941163
Skin Laundry,national_chain,6,bold_claim (50%),offer_promo (83%),general_glow (50%),product_aware (50%),first_treatment_price (100%),3,33,33,17,"[""offer"", ""first_treatment_price"", 100, 92]",24,923198087506644|1591804232653380|2301933473974537|1406962508055441|2034036787478958
newskin,single_location,4,problem_callout (75%),problem_solution (100%),pigmentation_sun_damage (75%),product_aware (100%),gift_with_treatment (75%),4,0,0,25,"[""format"", ""problem_solution"", 100, 86]",16,2242586116577973|1105489385149830|28247141808255141|28425501283750361
OmniSculptMD,single_location,4,direct_offer (75%),before_after_showcase (50%),general_glow (25%),product_aware (75%),dollar_off (75%),1,100,100,100,"[""offer"", ""dollar_off"", 75, 61]",1221,634968448090898|1954059671898962|1428610605401447|970939461955879
Labelleviemedspa,single_location,4,bold_claim (50%),testimonial_ugc (25%),general_glow (50%),product_aware (100%),no_offer (100%),0,,,25,"[""cta_intent"", ""learn_educate"", 100, 80]",529,2665361377007697|2693277687524526|1212830840321054|670814632352769
Kyss Med Spa,single_location,4,flat_spec (25%),problem_solution (50%),general_glow (50%),solution_aware (50%),no_offer (50%),0,,,25,"[""cta_intent"", ""message_us"", 100, 88]",541,686837067027648|1056569136347401|883653214500218|1304371831341833
Timeless Skin & Wellness,single_location,4,direct_offer (100%),offer_promo (100%),general_glow (50%),most_aware (100%),package_bundle (75%),0,,,0,"[""awareness_stage"", ""most_aware"", 100, 72]",14,1806240764154937|1093011973631435|1041335998791400|28119652764350754
BHRC DFW,regional_group,4,question (75%),catalog_generic (75%),general_glow (75%),solution_aware (100%),no_offer (75%),3,100,33,0,"[""awareness_stage"", ""solution_aware"", 100, 89]",189,2220046521858200|1268478254645566|1670170851005996|794503373705933
Radiant Beauty & Health,single_location,4,flat_spec (75%),comparison_switch (100%),texture_pores (100%),product_aware (75%),no_offer (100%),4,0,0,0,"[""format"", ""comparison_switch"", 100, 96]",14,1776085543586888|1064140673263849|1080826571311010|1072926612328748
South Coast MedSpa,single_location,4,problem_callout (50%),before_after_showcase (50%),acne_scarring (50%),product_aware (100%),no_offer (50%),0,,,25,"[""modality"", ""ablative_co2_erbium"", 100, 82]",155,3603683779769359|4522224891380328|1627954761996176|1864650134913787
Paloma Clinic Spa,single_location,4,flat_spec (50%),problem_solution (50%),acne_scarring (50%),solution_aware (100%),free_consult (50%),0,,,0,"[""awareness_stage"", ""solution_aware"", 100, 89]",144,1442528493854637|1053335703834921|1304236668179168|1963262357719468
Coastal Aesthetics,single_location,4,direct_offer (50%),offer_promo (100%),fine_lines_wrinkles (100%),most_aware (100%),dollar_off (75%),4,0,0,75,"[""indication"", ""fine_lines_wrinkles"", 100, 89]",74,1549540640156915|1019759244089677|2121820088369058|879004958483453
Venus Aesthetics Miami,device_manufacturer,4,flat_spec (50%),before_after_showcase (50%),general_glow (25%),product_aware (50%),no_offer (100%),0,,,0,"[""offer"", ""no_offer"", 100, 58]",154,2198283054250194|1779341073471777|977352941899643|2493122501142170
Marcos Medical Care & Wellness,single_location,4,question (50%),problem_solution (50%),pigmentation_sun_damage (50%),product_aware (100%),no_offer (100%),0,,,0,"[""modality"", ""non_ablative_fractional"", 100, 90]",99,2530819437354826|1314498307436751|1025099523372099|1026614623404024
Kalon Aesthetics & Surgery,single_location,4,question (50%),offer_promo (75%),laxity_tightening (50%),problem_aware (50%),event_flash_sale (100%),4,0,0,0,"[""driver"", ""lifestyle_aspiration"", 100, 96]",17,2112086213061545|2604717649986010|4552362751673473|3120637941464852
Studio-MD,single_location,4,flat_spec (50%),provider_authority (50%),laxity_tightening (100%),product_aware (100%),free_consult (50%),2,50,0,0,"[""driver"", ""transformation"", 100, 70]",88,1376069987752757|1429652852255757|1480235563431779|2509689689483212
Dra. Eunice Magaña,single_location,4,bold_claim (50%),educational_howto (75%),laxity_tightening (75%),product_aware (100%),no_offer (100%),0,,,50,"[""cta_intent"", ""message_us"", 100, 88]",620,1120511409555972|1200608168808444|1039629715342439|874444481655321
SKYN Weight Loss + Wellness,single_location,4,flat_spec (50%),catalog_generic (75%),laxity_tightening (75%),product_aware (100%),no_offer (100%),0,,,0,"[""modality"", ""rf_microneedling"", 100, 68]",101,1542450017559664|988034024083381|1365939472374225|2335968763598769
Skinney Medspa,single_location,4,bold_claim (50%),offer_promo (75%),laxity_tightening (50%),product_aware (50%),gift_with_treatment (50%),0,,,50,"[""modality"", ""unspecified"", 100, 79]",117,1302180092014374|1694824525040277|955213480677609|2800197993682851
Aesthetics by Alyssa,single_location,4,direct_offer (75%),comparison_switch (50%),laxity_tightening (100%),most_aware (75%),dollar_off (50%),4,0,0,100,"[""modality"", ""rf_microneedling"", 100, 68]",108,1398595315076321|859487887213539|1714399212934728|1359813362275006
ProCare Wellness Institute,single_location,4,direct_offer (100%),offer_promo (100%),laxity_tightening (100%),most_aware (100%),package_bundle (100%),4,0,0,100,"[""offer"", ""package_bundle"", 100, 94]",81,1738494923842055|4351924478400456|1513421180473065|1080866320954195
The Blessings Medical Clinic,single_location,4,flat_spec (75%),catalog_generic (75%),unspecified (100%),product_aware (100%),no_offer (100%),0,,,25,"[""cta_intent"", ""message_us"", 100, 88]",17,4590166534562887|2057897081757453|2176695152939344|918063014318413
Genesis Lifestyle Medicine - Texas,single_location,4,direct_offer (100%),offer_promo (100%),laxity_tightening (100%),most_aware (100%),dollar_off (100%),3,0,0,0,"[""offer"", ""dollar_off"", 100, 86]",37,2239147696942553|1575891397329001|2516453648817305|5489623311263492
A Younger You Medical Spa,single_location,4,curiosity_tease (50%),offer_promo (50%),texture_pores (50%),product_aware (50%),package_bundle (50%),2,100,100,0,"[""cta_intent"", ""book_appointment"", 75, 57]",21,1394748376100934|1572822617770675|1729896601603747|948416748331022
Integrated Aesthetics,single_location,4,question (50%),problem_solution (50%),laxity_tightening (100%),product_aware (100%),no_offer (100%),3,0,0,75,"[""downtime_handling"", ""downtime_denied"", 100, 90]",132,1325156866209332|2495040617628689|2975159692818709|1028308166655753
DermaTouch RN,single_location,4,direct_offer (100%),offer_promo (100%),laxity_tightening (100%),most_aware (100%),percent_off (100%),3,0,0,0,"[""offer"", ""percent_off"", 100, 87]",24,1442326407715309|1618594100054710|1618545256523759|1072841745471316
TREAT Medspa,single_location,4,bold_claim (25%),educational_howto (25%),laxity_tightening (75%),product_aware (100%),percent_off (50%),2,50,50,75,"[""modality"", ""unspecified"", 75, 54]",14,1061672946570488|1844522976542361|1066195829370906|1739995427219366
Elinea SF,single_location,3,flat_spec (67%),provider_authority (67%),unspecified (67%),product_aware (33%),no_offer (67%),0,,,0,"[""format"", ""provider_authority"", 67, 62]",203,2066986240529900|2109186649904911|988309210402149
NEOSkin Promos,single_location,3,direct_offer (100%),offer_promo (100%),unspecified (67%),most_aware (100%),dollar_off (100%),3,67,0,0,"[""offer"", ""dollar_off"", 100, 86]",112,986797950753916|995970023179592|2287191362113701
Cool Springs Plastic Surgery,single_location,3,curiosity_tease (33%),product_announcement (67%),pigmentation_sun_damage (67%),product_aware (67%),no_offer (33%),2,0,0,0,"[""cta_intent"", ""purchase_package"", 67, 66]",28,1035526536132954|1086883191049528|1827042631803284
EDEN Plastic Surgery Miami,single_location,3,curiosity_tease (100%),testimonial_ugc (100%),laxity_tightening (100%),product_aware (100%),no_offer (100%),0,,,33,"[""format"", ""testimonial_ugc"", 100, 95]",211,4036289083260183|1182579797327155|1061727853068203
BodyLase Med Spa,regional_group,3,social_proof (67%),provider_authority (67%),unspecified (100%),unaware (100%),free_consult (67%),3,0,0,0,"[""awareness_stage"", ""unaware"", 100, 96]",126,2040406813519924|1769748834386322|2361276021026174
"Carl Truesdale, M.D.",single_location,3,problem_callout (33%),problem_solution (67%),unspecified (100%),product_aware (100%),no_offer (100%),3,0,0,67,"[""driver"", ""trust_safety"", 100, 90]",107,2056363138566936|802307202820518|1429633115739758
Sirens Med Spa,single_location,3,bold_claim (33%),product_announcement (33%),general_glow (100%),product_aware (100%),no_offer (67%),2,50,0,33,"[""indication"", ""general_glow"", 100, 87]",380,1108790770757521|2595696240803875|1924623095113839
LeVogue Med Spa,single_location,3,direct_offer (100%),offer_promo (100%),general_glow (33%),most_aware (100%),percent_off (100%),0,,,67,"[""offer"", ""percent_off"", 100, 87]",194,1642576896874818|1074550781570426|1374567697998614
NM Stem Cell & Wellness,single_location,3,curiosity_tease (100%),offer_promo (100%),laxity_tightening (100%),product_aware (100%),free_consult (100%),0,,,100,"[""cta_intent"", ""free_consult"", 100, 97]",81,869031305819097|1639891650417979|1017986091205396
Dr. Chopra Plastic Surgery,single_location,3,before_after_reveal (67%),before_after_showcase (67%),laxity_tightening (67%),product_aware (67%),no_offer (100%),0,,,33,"[""funnel"", ""mid_consideration"", 100, 76]",109,1679304576642925|1003544652130862|2043819459679181
Cartessa Aesthetics,device_manufacturer,3,bold_claim (67%),product_announcement (67%),unspecified (100%),product_aware (100%),no_offer (100%),3,0,0,0,"[""indication"", ""unspecified"", 100, 85]",88,1171892551773120|27860816780179794|1033872396066987
Vanity Aesthetics Colorado Springs,single_location,3,problem_callout (100%),problem_solution (100%),acne_scarring (100%),product_aware (100%),no_offer (100%),0,,,0,"[""indication"", ""acne_scarring"", 100, 95]",52,1039155958899779|1729794798321515|1103317695380696
Dr. Paul Jarrod Frank,single_location,3,bold_claim (100%),educational_howto (100%),general_glow (100%),product_aware (67%),no_offer (100%),1,100,0,33,"[""format"", ""educational_howto"", 100, 92]",4,2091871554773455|2111202476140645|28288256030828257
FACE Skincare~Medical~Wellness,single_location,3,bold_claim (100%),product_announcement (100%),general_glow (67%),product_aware (100%),gift_with_treatment (67%),0,,,33,"[""format"", ""product_announcement"", 100, 93]",11,1621434629507988|1103130399037499|1698078314594314
Luna Dermatology,single_location,3,question (100%),offer_promo (100%),general_glow (100%),most_aware (100%),first_treatment_price (100%),3,0,0,100,"[""offer"", ""first_treatment_price"", 100, 92]",87,1324472182455746|1317580117031646|1957529214802115
xTool,single_location,3,curiosity_tease (67%),testimonial_ugc (67%),unspecified (100%),product_aware (100%),no_offer (100%),3,0,0,0,"[""indication"", ""unspecified"", 100, 85]",42,1417110160235973|952161381243913|2125234138032275
Norse Organics,single_location,3,curiosity_tease (100%),comparison_switch (100%),acne_scarring (100%),problem_aware (67%),no_offer (100%),3,0,0,100,"[""driver"", ""fear_loss"", 100, 98]",64,27986265257700742|1015264117922407|1579366067221443
Solta Medical (Clear + Brilliant),device_manufacturer,3,curiosity_tease (67%),testimonial_ugc (100%),general_glow (100%),product_aware (100%),no_offer (100%),3,0,0,0,"[""format"", ""testimonial_ugc"", 100, 95]",80,1753706319313979|1702165114410555|1655927595474381
InMode,device_manufacturer,3,flat_spec (33%),comparison_switch (33%),acne_scarring (33%),product_aware (100%),no_offer (100%),1,0,0,0,"[""offer"", ""no_offer"", 100, 58]",114,1040062901702476|1291209316365599|1530221548519146
Just Wellness,single_location,3,flat_spec (33%),educational_howto (33%),pigmentation_sun_damage (67%),product_aware (100%),no_offer (67%),0,,,0,"[""indication"", ""pigmentation_sun_damage"", 67, 56]",10,1784464462901956|1125923773443565|916781717782051
Skin Plus Beauty,single_location,3,flat_spec (67%),offer_promo (67%),pigmentation_sun_damage (33%),product_aware (100%),dollar_off (33%),3,33,0,33,"[""downtime_handling"", ""downtime_minimized"", 100, 82]",80,1131933803344472|28454716860851918|1581811420046679
Serenity Aesthetics & Wellness,single_location,3,direct_offer (100%),offer_promo (100%),general_glow (100%),most_aware (100%),dollar_off (100%),3,0,0,0,"[""indication"", ""general_glow"", 100, 87]",73,1557293379126133|2100317300836874|1057560953463078
Lauréate Aesthetics,single_location,3,bold_claim (67%),educational_howto (67%),laxity_tightening (67%),product_aware (100%),free_consult (67%),0,,,100,"[""funnel"", ""mid_consideration"", 100, 76]",289,25438498062428750|874573095521732|1591753772460951
SkinLab by Maffi Plastic Surgery,single_location,3,direct_offer (100%),offer_promo (100%),pigmentation_sun_damage (100%),most_aware (100%),dollar_off (100%),0,,,0,"[""indication"", ""pigmentation_sun_damage"", 100, 90]",2,2676493649433594|1611083880458404|1425105673055232
Skin Deep Medical Spa- Steven Bloch MD,single_location,3,flat_spec (67%),lifestyle_aspiration (67%),general_glow (67%),product_aware (100%),no_offer (100%),0,,,0,"[""format"", ""lifestyle_aspiration"", 67, 64]",360,1091985529586737|1873409953525533|29594396836826777
Texas Neuro Eye & Plastic Surgery,single_location,3,problem_callout (100%),offer_promo (100%),laxity_tightening (100%),product_aware (100%),percent_off (100%),0,,,0,"[""offer"", ""percent_off"", 100, 87]",109,2328996107900409|985956694327767|1373922584957135
Ageless Center,single_location,3,bold_claim (100%),offer_promo (100%),laxity_tightening (100%),product_aware (100%),percent_off (100%),3,0,0,100,"[""offer"", ""percent_off"", 100, 87]",64,1044126541682635|1034077072437813|1621396523106967
SER Aesthetics,single_location,3,direct_offer (67%),offer_promo (100%),laxity_tightening (100%),most_aware (100%),gift_with_treatment (100%),1,0,0,100,"[""offer"", ""gift_with_treatment"", 100, 96]",66,2233918987368299|850512784605888|1561686232006378
Self Aesthetics & Wellness,single_location,3,direct_offer (100%),offer_promo (100%),laxity_tightening (100%),most_aware (100%),dollar_off (67%),3,0,0,100,"[""awareness_stage"", ""most_aware"", 100, 72]",32,1722624338952741|987979937666809|1262356899282842
Green Leaf Medi Spa,single_location,3,problem_callout (67%),offer_promo (100%),laxity_tightening (67%),product_aware (67%),event_flash_sale (100%),3,100,100,67,"[""offer"", ""event_flash_sale"", 100, 91]",15,1609755710669231|1072776101903454|1059280043376585
Radiant Lab Medical Aesthetics,single_location,3,social_proof (100%),offer_promo (100%),laxity_tightening (100%),most_aware (100%),first_treatment_price (100%),3,0,0,0,"[""hook_archetype"", ""social_proof"", 100, 94]",30,2523539688164458|1587236312946862|1030329902964331
The Hughes Center for Aesthetic Medicine,single_location,3,direct_offer (100%),offer_promo (100%),fine_lines_wrinkles (100%),most_aware (100%),gift_with_treatment (100%),0,,,100,"[""offer"", ""gift_with_treatment"", 100, 96]",4,1555548225784514|1068550465890876|1618307179848607
Cleo Skin And Laser,single_location,3,problem_callout (67%),problem_solution (67%),acne_scarring (67%),product_aware (67%),no_offer (67%),3,67,0,67,"[""cta_intent"", ""book_appointment"", 100, 82]",32,1089958053368501|3715398655281502|1491491636334077
Fort Wayne Dermatology + Plastic Surgery & Aesthetics,single_location,2,bold_claim (50%),product_announcement (50%),general_glow (50%),product_aware (100%),no_offer (100%),2,100,50,0,"[""modality"", ""hybrid_multiple"", 100, 82]",30,1941199963217830|38063894589922335
Antiage Institute: Medical Spa & Wellness Center,single_location,2,direct_offer (100%),offer_promo (100%),fine_lines_wrinkles (100%),most_aware (100%),percent_off (100%),2,0,0,0,"[""indication"", ""fine_lines_wrinkles"", 100, 89]",101,1338955208117654|1022158343587747
OVME,single_location,2,direct_offer (100%),offer_promo (100%),pigmentation_sun_damage (100%),most_aware (100%),percent_off (100%),2,0,0,0,"[""indication"", ""pigmentation_sun_damage"", 100, 90]",17,3361352980730861|2110488083013563
MidAmerica Medical Spa,single_location,2,social_proof (50%),problem_solution (100%),general_glow (50%),product_aware (100%),no_offer (100%),0,,,0,"[""modality"", ""non_ablative_fractional"", 100, 90]",87,1299803948894850|2405464579939937
Dolce Vita Wellness & Medical Spa,single_location,2,bold_claim (100%),offer_promo (100%),pigmentation_sun_damage (100%),product_aware (100%),free_consult (100%),2,0,0,0,"[""cta_intent"", ""free_consult"", 100, 97]",15,1053341257596758|1440676924575667
Spa Jolie,single_location,2,problem_callout (50%),problem_solution (50%),texture_pores (50%),solution_aware (100%),first_treatment_price (100%),0,,,50,"[""offer"", ""first_treatment_price"", 100, 92]",93,27397949086504656|1419411773335245
Eternal Wellness,single_location,2,bold_claim (100%),product_announcement (100%),general_glow (100%),product_aware (100%),no_offer (100%),2,0,0,0,"[""driver"", ""status_identity"", 100, 97]",211,1587758479097832|1228505735499722
Rejuvenations Lehigh Valley,single_location,2,bold_claim (50%),problem_solution (50%),texture_pores (50%),product_aware (100%),no_offer (100%),1,100,100,0,"[""offer"", ""no_offer"", 100, 58]",120,1454863845966748|2215613472564566
Eleven Aesthetics,single_location,2,flat_spec (50%),educational_howto (50%),laxity_tightening (100%),product_aware (100%),no_offer (100%),0,,,50,"[""cta_intent"", ""message_us"", 100, 88]",269,848765304581049|2066870030903321
"Hillelson-Whipple clinic, Plastic Surgery and Orthopaedics",single_location,2,flat_spec (50%),provider_authority (100%),laxity_tightening (100%),product_aware (100%),no_offer (50%),2,0,0,50,"[""format"", ""provider_authority"", 100, 95]",402,785080190610159|876536261976538
Mia Bella Aesthetics,single_location,2,bold_claim (50%),comparison_switch (50%),texture_pores (50%),product_aware (100%),no_offer (50%),1,100,0,100,"[""downtime_handling"", ""downtime_minimized"", 100, 82]",71,2230499117763521|1551087303458268
Ageless Skin Rejuvenation Med-Spa,single_location,2,direct_offer (100%),offer_promo (100%),pigmentation_sun_damage (100%),most_aware (100%),event_flash_sale (100%),2,0,0,0,"[""offer"", ""event_flash_sale"", 100, 91]",161,1007027518655437|2287194508703265
Infusion Wellness Center,single_location,2,bold_claim (100%),offer_promo (100%),pigmentation_sun_damage (100%),most_aware (100%),first_treatment_price (100%),2,0,0,100,"[""offer"", ""first_treatment_price"", 100, 92]",135,950366421215495|1381660713847999
VOXY,single_location,2,direct_offer (100%),offer_promo (100%),laxity_tightening (100%),most_aware (100%),event_flash_sale (100%),2,0,0,0,"[""offer"", ""event_flash_sale"", 100, 91]",191,1664077081457077|856222507446088
Revive Med Spa,single_location,2,direct_offer (100%),offer_promo (100%),general_glow (100%),most_aware (100%),package_bundle (100%),2,0,0,0,"[""cta_intent"", ""free_consult"", 100, 97]",51,1345301294425579|1704381064187035
Rejuve,single_location,2,problem_callout (50%),problem_solution (50%),acne_scarring (50%),product_aware (50%),no_offer (50%),0,,,100,"[""cta_intent"", ""lead_capture"", 100, 55]",77,1944826279554371|28155295177455771
PURE Medical Spa Idaho,single_location,2,bold_claim (100%),problem_solution (100%),texture_pores (100%),product_aware (100%),dollar_off (100%),2,0,0,0,"[""downtime_handling"", ""downtime_disclosed"", 100, 98]",74,1038211768783076|1055982090222856
Dr. Johnny Franco,single_location,2,curiosity_tease (50%),educational_howto (100%),general_glow (50%),product_aware (100%),no_offer (100%),0,,,0,"[""format"", ""educational_howto"", 100, 92]",107,1465344868243798|773462059121571
Evolve Aesthetics and Wellness 30A,single_location,2,problem_callout (50%),offer_promo (100%),pigmentation_sun_damage (50%),solution_aware (50%),event_flash_sale (100%),0,,,50,"[""offer"", ""event_flash_sale"", 100, 91]",87,1712450723109356|1478799024060713
"Boutique Wellness NC, llc.",single_location,2,direct_offer (100%),offer_promo (100%),pigmentation_sun_damage (100%),product_aware (100%),percent_off (100%),2,0,0,100,"[""indication"", ""pigmentation_sun_damage"", 100, 90]",53,1333663208978378|1788907285614892
Lunabella Aesthetics,single_location,2,flat_spec (50%),educational_howto (50%),fine_lines_wrinkles (50%),product_aware (100%),no_offer (100%),0,,,0,"[""offer"", ""no_offer"", 100, 58]",23,1060851976913160|1396175315278785
Kryptonite Laser Professionals,single_location,2,flat_spec (50%),catalog_generic (100%),unspecified (100%),solution_aware (100%),no_offer (50%),2,0,0,0,"[""cta_intent"", ""call_now"", 100, 99]",274,806235865727237|1556673788903858
USA Aesthetics,single_location,2,bold_claim (100%),offer_promo (100%),pigmentation_sun_damage (100%),solution_aware (100%),percent_off (100%),2,0,0,100,"[""indication"", ""pigmentation_sun_damage"", 100, 90]",66,1579142766885351|1391054132948098
Ageless Living,single_location,2,problem_callout (100%),problem_solution (100%),fine_lines_wrinkles (100%),solution_aware (100%),percent_off (100%),2,0,0,0,"[""cta_intent"", ""free_consult"", 100, 97]",31,2062397734645749|1055954277176351
Philadelphia Medical Group,single_location,2,direct_offer (50%),offer_promo (100%),fine_lines_wrinkles (50%),most_aware (50%),gift_with_treatment (100%),2,0,0,0,"[""offer"", ""gift_with_treatment"", 100, 96]",38,2404192646736216|1757506775563745
Eterna Beauty & Wellness,single_location,2,problem_callout (50%),comparison_switch (50%),laxity_tightening (100%),product_aware (100%),no_offer (50%),1,0,0,50,"[""cta_intent"", ""learn_educate"", 100, 80]",45,1360776098854936|1931329864493950
WorldAesthetix,device_manufacturer,2,bold_claim (100%),product_announcement (100%),unspecified (100%),product_aware (100%),no_offer (100%),2,0,0,0,"[""format"", ""product_announcement"", 100, 93]",127,1644774870160442|1645628503212815
Doctor Sakarya,single_location,2,before_after_reveal (100%),before_after_showcase (100%),laxity_tightening (100%),product_aware (100%),no_offer (100%),0,,,100,"[""hook_archetype"", ""before_after_reveal"", 100, 98]",128,1468229094787974|1947140969306027
Kleydman Dermatology Lasers & Aesthetics,single_location,2,flat_spec (50%),provider_authority (50%),pigmentation_sun_damage (50%),product_aware (100%),no_offer (100%),0,,,0,"[""driver"", ""trust_safety"", 100, 90]",63,2311959839609959|1046450724783719
Mineral Medspa,single_location,2,curiosity_tease (50%),testimonial_ugc (50%),unspecified (50%),product_aware (50%),no_offer (50%),0,,,50,"[""modality"", ""ablative_co2_erbium"", 100, 82]",17,4517763415108307|1380639063693156
Infinity Medspa of Glastonbury,single_location,2,question (100%),offer_promo (100%),laxity_tightening (50%),product_aware (50%),percent_off (100%),0,,,0,"[""hook_archetype"", ""question"", 100, 92]",16,1289086646546609|1599001445258299
Renove Medical Spa,single_location,2,direct_offer (100%),offer_promo (100%),fine_lines_wrinkles (100%),product_aware (100%),dollar_off (100%),2,0,0,0,"[""indication"", ""fine_lines_wrinkles"", 100, 89]",100,27363720039929895|993403313446428
Chandler Med Spa PLLC,single_location,2,problem_callout (100%),problem_solution (100%),fine_lines_wrinkles (100%),product_aware (100%),first_treatment_price (100%),2,0,0,0,"[""offer"", ""first_treatment_price"", 100, 92]",11,1636204531544412|1778313673321693
Opal Aesthetics,single_location,2,flat_spec (50%),catalog_generic (50%),unspecified (50%),unaware (50%),no_offer (100%),0,,,0,"[""cta_intent"", ""book_appointment"", 100, 82]",53,1268242741912151|1078434048183156
Wellness Spa,single_location,2,direct_offer (50%),catalog_generic (100%),general_glow (50%),most_aware (50%),event_flash_sale (50%),0,,,0,"[""format"", ""catalog_generic"", 100, 92]",18,1408271037881857|1465857292033959
Ruaa Medical Spa ,single_location,2,bold_claim (50%),offer_promo (100%),pigmentation_sun_damage (50%),product_aware (50%),event_flash_sale (50%),0,,,50,"[""modality"", ""ablative_co2_erbium"", 100, 82]",172,2133381004086847|2277518923011003
EPIK IV Therapy,single_location,2,direct_offer (100%),offer_promo (100%),texture_pores (50%),product_aware (50%),percent_off (100%),0,,,0,"[""offer"", ""percent_off"", 100, 87]",15,2080192879549457|1813660636737313
Freya's Laser & Body Sculpting,single_location,2,direct_offer (50%),offer_promo (100%),texture_pores (50%),product_aware (100%),percent_off (50%),2,0,0,0,"[""format"", ""offer_promo"", 100, 57]",72,1538814157936927|1624057176090314
Embrace Beauty Med Spa,single_location,2,problem_callout (50%),problem_solution (50%),pigmentation_sun_damage (50%),solution_aware (50%),no_offer (50%),0,,,50,"[""driver"", ""transformation"", 100, 70]",3,28611362148496222|1389279533183718
Dream Med Spa & Laser Center,single_location,2,direct_offer (50%),catalog_generic (50%),unspecified (50%),most_aware (50%),event_flash_sale (50%),1,0,0,0,"[""modality"", ""non_ablative_fractional"", 100, 90]",3,1772639286960821|942724968883655
Laser in Denver,single_location,2,flat_spec (100%),offer_promo (100%),general_glow (100%),solution_aware (100%),first_treatment_price (100%),0,,,100,"[""offer"", ""first_treatment_price"", 100, 92]",245,2294689930943838|1175957121354726
Dermagenesis Skin and Body Care,single_location,2,problem_callout (50%),problem_solution (100%),acne_scarring (100%),product_aware (50%),free_consult (50%),0,,,100,"[""indication"", ""acne_scarring"", 100, 95]",315,2766584060377979|2033730230500405
Pler,single_location,2,curiosity_tease (50%),problem_solution (100%),pigmentation_sun_damage (50%),solution_aware (50%),no_offer (100%),0,,,0,"[""format"", ""problem_solution"", 100, 86]",203,1250344617196097|34644487298527854
Oasis Laser Medical Spa,single_location,2,problem_callout (100%),problem_solution (100%),acne_scarring (100%),solution_aware (100%),event_flash_sale (100%),0,,,100,"[""indication"", ""acne_scarring"", 100, 95]",119,1511946277176857|949262791257253
Proctologo En Reynosa,single_location,2,problem_callout (100%),provider_authority (100%),unspecified (100%),solution_aware (100%),no_offer (100%),0,,,0,"[""format"", ""provider_authority"", 100, 95]",95,2072255153504577|876126781591131
Gweike laser,single_location,2,bold_claim (100%),product_announcement (100%),unspecified (100%),product_aware (100%),dollar_off (100%),2,100,0,0,"[""format"", ""product_announcement"", 100, 93]",67,1440415218108729|1858052685631546
Park Ave Cosmetic Center,single_location,2,direct_offer (100%),offer_promo (100%),laxity_tightening (100%),most_aware (100%),dollar_off (100%),2,0,0,0,"[""offer"", ""dollar_off"", 100, 86]",74,1017863360887644|784368538100003
"713 Wellness , Aesthetics and Medical Center",single_location,2,problem_callout (100%),problem_solution (100%),fine_lines_wrinkles (100%),solution_aware (100%),no_offer (100%),0,,,100,"[""indication"", ""fine_lines_wrinkles"", 100, 89]",208,888800180584659|1643029797350680
Praga Wellness Center,single_location,2,flat_spec (50%),problem_solution (100%),laxity_tightening (50%),solution_aware (100%),no_offer (50%),0,,,0,"[""awareness_stage"", ""solution_aware"", 100, 89]",31,1093519419805953|2755192244882947
Innova Beauty Clinic,single_location,2,flat_spec (50%),problem_solution (50%),laxity_tightening (100%),product_aware (100%),no_offer (100%),0,,,0,"[""cta_intent"", ""message_us"", 100, 88]",310,1510650869971045|925106819935037
The G Spa San Francisco,single_location,2,direct_offer (100%),offer_promo (100%),general_glow (100%),most_aware (100%),dollar_off (100%),0,,,0,"[""indication"", ""general_glow"", 100, 87]",155,1426447346166537|2270391413494530
GlowNar Aesthetics,single_location,2,flat_spec (100%),catalog_generic (100%),general_glow (50%),product_aware (100%),no_offer (50%),2,0,0,100,"[""format"", ""catalog_generic"", 100, 92]",88,1038844542198599|1084419761188816
Milas Aesthetic Spa Houston,single_location,2,direct_offer (100%),offer_promo (100%),laxity_tightening (100%),most_aware (100%),dollar_off (100%),0,,,50,"[""offer"", ""dollar_off"", 100, 86]",26,1006337722403664|1069835729306735
"Cyra Beauty, Health and Laser Clinic",single_location,2,flat_spec (50%),educational_howto (50%),laxity_tightening (50%),solution_aware (50%),no_offer (100%),0,,,0,"[""cta_intent"", ""learn_educate"", 100, 80]",277,1422745169602572|2184599668979132
Lakewood Ranch Med Spa,single_location,2,direct_offer (100%),offer_promo (100%),fine_lines_wrinkles (100%),most_aware (100%),percent_off (100%),2,0,0,100,"[""downtime_handling"", ""downtime_denied"", 100, 90]",112,992673506648840|1711657766927241
Solta Medical (Fraxel),device_manufacturer,2,curiosity_tease (50%),testimonial_ugc (100%),pigmentation_sun_damage (100%),product_aware (100%),no_offer (100%),2,0,0,0,"[""format"", ""testimonial_ugc"", 100, 95]",56,1045996054587292|1734874347585944
Forest Wellness M.D.,single_location,2,direct_offer (50%),offer_promo (100%),pigmentation_sun_damage (100%),product_aware (100%),dollar_off (100%),2,0,0,0,"[""downtime_handling"", ""downtime_disclosed"", 100, 98]",21,1075225821532305|934225159108112
Solé Medical Spa,single_location,2,direct_offer (100%),provider_authority (100%),unspecified (100%),solution_aware (100%),dollar_off (100%),2,0,0,0,"[""format"", ""provider_authority"", 100, 95]",49,1608301200649621|3971268766342735
NewBeauty,single_location,2,direct_offer (50%),product_announcement (50%),laxity_tightening (50%),product_aware (50%),dollar_off (50%),1,100,0,50,"[""funnel"", ""mid_consideration"", 100, 76]",210,1318943913414961|1382363823835279
Live Vibrant Medspa,single_location,2,problem_callout (100%),problem_solution (50%),acne_scarring (100%),product_aware (100%),free_consult (100%),2,0,0,0,"[""cta_intent"", ""free_consult"", 100, 97]",12,828298440328385|2042843953013182
LaVie Skinthetics Medspa,single_location,2,problem_callout (100%),offer_promo (100%),laxity_tightening (100%),most_aware (100%),dollar_off (100%),2,0,0,0,"[""hook_archetype"", ""problem_callout"", 100, 86]",10,1939507033396941|1939382253706207
Ultimate You Medspa,single_location,2,flat_spec (50%),product_announcement (50%),laxity_tightening (100%),product_aware (50%),event_flash_sale (50%),2,0,0,50,"[""modality"", ""rf_microneedling"", 100, 68]",9,881304258248713|1070400498903129
Alibaba.com,single_location,2,flat_spec (100%),catalog_generic (100%),unspecified (100%),product_aware (100%),no_offer (100%),0,,,100,"[""format"", ""catalog_generic"", 100, 92]",1,2418089695596737|1092476393259314
Pink Mountain Wellness,single_location,2,problem_callout (50%),educational_howto (100%),fine_lines_wrinkles (100%),solution_aware (50%),no_offer (100%),0,,,0,"[""format"", ""educational_howto"", 100, 92]",107,26812657305069410|1021208953835877
Dr. Juan Carlos Herrera,single_location,2,bold_claim (100%),offer_promo (100%),laxity_tightening (100%),product_aware (100%),dollar_off (50%),0,,,50,"[""cta_intent"", ""message_us"", 100, 88]",88,1488873672509670|1677125453559699
B&W Plastic Surgery,single_location,2,question (50%),offer_promo (100%),laxity_tightening (100%),product_aware (100%),package_bundle (100%),0,,,100,"[""offer"", ""package_bundle"", 100, 94]",7,1100236379622557|1823928042111545
Skinfuzion,single_location,2,question (50%),offer_promo (50%),laxity_tightening (50%),most_aware (50%),first_treatment_price (50%),0,,,50,"[""cta_intent"", ""learn_educate"", 100, 80]",5,1801279250883246|2139221446668485
Maya Med Spa,single_location,2,direct_offer (100%),offer_promo (100%),general_glow (100%),product_aware (100%),first_treatment_price (100%),2,0,0,100,"[""offer"", ""first_treatment_price"", 100, 92]",1,1419281296221664|2187984508765679
US Evergreen Medspa,single_location,2,direct_offer (50%),offer_promo (50%),laxity_tightening (100%),product_aware (100%),event_flash_sale (100%),1,100,0,100,"[""offer"", ""event_flash_sale"", 100, 91]",10,1771734774013777|3139717436219017
Evolve Aesthetics Vancouver,single_location,2,flat_spec (50%),problem_solution (50%),pigmentation_sun_damage (100%),product_aware (100%),no_offer (100%),2,100,0,100,"[""driver"", ""convenience_time"", 100, 98]",85,1708811026911546|2588298138253644
Glowtox Aesthetics,single_location,2,flat_spec (100%),product_announcement (100%),pigmentation_sun_damage (100%),product_aware (100%),dollar_off (100%),2,0,0,0,"[""format"", ""product_announcement"", 100, 93]",50,1528481975218372|1708942060362858
Derma,single_location,2,question (50%),problem_solution (50%),general_glow (50%),product_aware (100%),no_offer (100%),0,,,0,"[""offer"", ""no_offer"", 100, 58]",36,1594429398929397|1774150210513197
Livinz MedSpa,single_location,2,flat_spec (50%),catalog_generic (100%),fine_lines_wrinkles (50%),product_aware (100%),no_offer (100%),0,,,50,"[""format"", ""catalog_generic"", 100, 92]",2,1081664840942941|3658145597667730
Refresh Medspa,single_location,2,problem_callout (100%),problem_solution (100%),pigmentation_sun_damage (100%),product_aware (100%),no_offer (100%),2,100,0,0,"[""driver"", ""trust_safety"", 100, 90]",92,2230873941083415|1263246375884606
HAUS Salon,single_location,2,curiosity_tease (50%),product_announcement (100%),pigmentation_sun_damage (100%),product_aware (100%),no_offer (100%),0,,,0,"[""format"", ""product_announcement"", 100, 93]",390,2195469214266070|1460579364984850
Contoura Facial Plastic Surgery,single_location,2,question (50%),problem_solution (50%),general_glow (100%),product_aware (100%),no_offer (50%),0,,,0,"[""modality"", ""non_ablative_fractional"", 100, 90]",38,2917023731976650|1608188054335988
Stella Capri Wellness,single_location,2,direct_offer (100%),offer_promo (100%),fine_lines_wrinkles (100%),most_aware (100%),percent_off (100%),0,,,100,"[""modality"", ""non_ablative_fractional"", 100, 90]",74,1013739358079757|1348847329910633
Newman & Company,single_location,2,direct_offer (100%),offer_promo (100%),pigmentation_sun_damage (50%),most_aware (100%),percent_off (100%),1,0,0,100,"[""offer"", ""percent_off"", 100, 87]",14,875804938803592|1073557722304446
Peaches + Co,single_location,2,bold_claim (50%),testimonial_ugc (50%),pigmentation_sun_damage (100%),product_aware (100%),no_offer (100%),0,,,100,"[""indication"", ""pigmentation_sun_damage"", 100, 90]",5,958565049875214|1447178607268912
The Luxe Room,single_location,2,curiosity_tease (100%),lifestyle_aspiration (100%),fine_lines_wrinkles (50%),product_aware (100%),no_offer (100%),2,0,0,100,"[""format"", ""lifestyle_aspiration"", 100, 97]",16,2008777886509378|1542300263868055
CULT Aesthetics,single_location,2,bold_claim (100%),educational_howto (100%),laxity_tightening (100%),product_aware (100%),no_offer (100%),0,,,0,"[""format"", ""educational_howto"", 100, 92]",56,1022714217030284|1106056622000493
Tru Glo Medspa,single_location,2,flat_spec (50%),product_announcement (50%),laxity_tightening (50%),product_aware (100%),no_offer (100%),2,100,0,0,"[""driver"", ""trust_safety"", 100, 90]",28,1281564037324345|1062722862876081
KP Aesthetics,single_location,2,direct_offer (100%),offer_promo (100%),fine_lines_wrinkles (100%),product_aware (100%),dollar_off (100%),2,0,0,0,"[""indication"", ""fine_lines_wrinkles"", 100, 89]",1,2093495661256235|1268863712981851
Glo Esthetics Med Spa,single_location,2,flat_spec (100%),educational_howto (100%),laxity_tightening (100%),product_aware (100%),gift_with_treatment (100%),2,100,50,0,"[""offer"", ""gift_with_treatment"", 100, 96]",127,1484499313022896|1669475287631405
PRIA Clinic,single_location,2,question (50%),educational_howto (50%),texture_pores (50%),product_aware (100%),no_offer (100%),0,,,0,"[""cta_intent"", ""message_us"", 100, 88]",72,908186824926774|1565662955573590
Jessica Elizabeth Skincare,single_location,2,direct_offer (100%),offer_promo (100%),unspecified (100%),most_aware (100%),dollar_off (100%),0,,,0,"[""modality"", ""non_ablative_fractional"", 100, 90]",64,1302135905039612|1341823551498162
Greenberg Cosmetic Surgery,single_location,2,social_proof (50%),provider_authority (100%),laxity_tightening (100%),product_aware (100%),free_consult (100%),0,,,0,"[""offer"", ""free_consult"", 100, 96]",406,1253635139775397|1493624712456064
LifeSculpt - Mokena,single_location,2,direct_offer (100%),offer_promo (100%),laxity_tightening (100%),product_aware (100%),percent_off (100%),0,,,0,"[""offer"", ""percent_off"", 100, 87]",402,1887595308473517|24237796495872606
South Surrey Glow - Hormones & Aesthetics,single_location,2,flat_spec (50%),catalog_generic (50%),general_glow (50%),product_aware (100%),no_offer (100%),0,,,50,"[""modality"", ""rf_microneedling"", 100, 68]",132,998489656011003|1479990523666697
Frontier Dermatology,single_location,2,bold_claim (100%),educational_howto (100%),laxity_tightening (100%),product_aware (100%),no_offer (100%),0,,,0,"[""format"", ""educational_howto"", 100, 92]",113,988340947383476|703568339517270
Clinical Care 365,single_location,2,problem_callout (100%),problem_solution (100%),fine_lines_wrinkles (100%),product_aware (100%),percent_off (100%),1,100,100,100,"[""indication"", ""fine_lines_wrinkles"", 100, 89]",420,708174842219486|1448291969643941
Bay Area Medical Group,single_location,2,direct_offer (100%),offer_promo (100%),laxity_tightening (100%),most_aware (100%),package_bundle (100%),2,0,0,100,"[""offer"", ""package_bundle"", 100, 94]",44,2267078254045992|1025791443559131
Revitalyze Aesthetics and Wellness ,single_location,2,problem_callout (100%),problem_solution (100%),laxity_tightening (100%),product_aware (100%),no_offer (100%),2,0,0,100,"[""hook_archetype"", ""problem_callout"", 100, 86]",128,1273494811654875|1262142559007266
Adhara Esthetic,single_location,2,question (50%),educational_howto (100%),laxity_tightening (100%),product_aware (100%),no_offer (100%),0,,,50,"[""format"", ""educational_howto"", 100, 92]",337,1175339531177854|1494638145109917
Skin Tight Medical Spa,single_location,2,direct_offer (100%),offer_promo (100%),laxity_tightening (100%),most_aware (100%),dollar_off (100%),2,0,0,100,"[""offer"", ""dollar_off"", 100, 86]",93,1374764354503904|1086263973975334
Luxury Beauty Spaa,single_location,2,flat_spec (100%),educational_howto (100%),laxity_tightening (100%),product_aware (100%),no_offer (100%),0,,,50,"[""format"", ""educational_howto"", 100, 92]",81,890889220740500|1040435745289343
Muse Laser & Spa,single_location,2,bold_claim (100%),educational_howto (50%),laxity_tightening (100%),product_aware (100%),no_offer (50%),1,100,0,100,"[""cta_intent"", ""message_us"", 100, 88]",522,695984029624835|1721840922257665
Petras Weight Loss Clinic,single_location,2,direct_offer (100%),offer_promo (100%),laxity_tightening (100%),most_aware (100%),dollar_off (100%),2,100,0,50,"[""offer"", ""dollar_off"", 100, 86]",39,2568418633590293|1387554250007808
Radiant Heights Med Spa,single_location,2,direct_offer (100%),offer_promo (100%),laxity_tightening (100%),most_aware (100%),dollar_off (100%),0,,,0,"[""offer"", ""dollar_off"", 100, 86]",83,1586004523138631|1315897780225821
Cleavage Clinic,single_location,2,social_proof (100%),comparison_switch (100%),laxity_tightening (100%),solution_aware (50%),financing_monthly (100%),2,100,0,100,"[""offer"", ""financing_monthly"", 100, 99]",35,907521231937871|1382871327100606
Lifesculpt - Naperville,single_location,2,direct_offer (100%),offer_promo (100%),laxity_tightening (100%),most_aware (100%),percent_off (100%),0,,,0,"[""offer"", ""percent_off"", 100, 87]",144,1748052056357834|1470005151820063
Healthy Beginnings Wellness & Esthetics,single_location,2,direct_offer (100%),offer_promo (100%),laxity_tightening (100%),most_aware (100%),percent_off (100%),0,,,0,"[""offer"", ""percent_off"", 100, 87]",18,1822376882466830|2793353091039363
Blurr'd Lines,single_location,2,bold_claim (100%),before_after_showcase (100%),laxity_tightening (100%),product_aware (100%),no_offer (100%),0,,,100,"[""format"", ""before_after_showcase"", 100, 97]",86,838981512400385|1570216658149671
Evexia Medical Spa,single_location,2,bold_claim (100%),offer_promo (100%),fine_lines_wrinkles (100%),product_aware (100%),dollar_off (100%),2,0,0,100,"[""indication"", ""fine_lines_wrinkles"", 100, 89]",18,3677460572423029|1717301576004035
Envision Medical Care ,single_location,2,direct_offer (100%),offer_promo (100%),fine_lines_wrinkles (100%),most_aware (100%),first_treatment_price (100%),2,50,0,0,"[""offer"", ""first_treatment_price"", 100, 92]",31,4563473503871806|1433669688817932
Lush Beauty Med Spa,single_location,2,question (50%),problem_solution (100%),laxity_tightening (50%),product_aware (100%),no_offer (50%),0,,,50,"[""format"", ""problem_solution"", 100, 86]",77,848119714787820|1675320700213877
Cutella Medical Spa,single_location,2,flat_spec (100%),catalog_generic (100%),general_glow (100%),unaware (100%),event_flash_sale (100%),0,,,0,"[""driver"", ""lifestyle_aspiration"", 100, 96]",16,1798345997831137|1063769973021836
DesignHer Medspa,single_location,2,direct_offer (100%),offer_promo (100%),laxity_tightening (100%),most_aware (100%),dollar_off (100%),2,0,0,100,"[""offer"", ""dollar_off"", 100, 86]",21,1055555273747813|1059473329905456
Skin N' Tox Aesthetics,single_location,2,direct_offer (100%),offer_promo (50%),texture_pores (100%),most_aware (100%),dollar_off (100%),0,,,0,"[""indication"", ""texture_pores"", 100, 94]",39,1785639696182015|1111345341216900
Novuskin Med Spa,single_location,2,direct_offer (100%),offer_promo (100%),laxity_tightening (100%),most_aware (100%),package_bundle (100%),2,0,0,100,"[""offer"", ""package_bundle"", 100, 94]",3,1801544710979343|2826732561041560
Mon Petit Salon et Spa,single_location,2,direct_offer (100%),offer_promo (100%),laxity_tightening (100%),most_aware (100%),package_bundle (100%),2,0,0,0,"[""offer"", ""package_bundle"", 100, 94]",11,1452244806720854|1742631633666386
Renew MediSpa,single_location,2,problem_callout (50%),problem_solution (50%),laxity_tightening (50%),most_aware (100%),first_treatment_price (50%),1,0,0,50,"[""awareness_stage"", ""most_aware"", 100, 72]",14,3432998270212817|974489512344761
Transforming Beauty,single_location,2,problem_callout (50%),problem_solution (100%),laxity_tightening (100%),problem_aware (100%),first_treatment_price (100%),2,0,0,100,"[""awareness_stage"", ""problem_aware"", 100, 99]",13,2372192583312189|1007074272365529
Beauté NYC,single_location,2,before_after_reveal (50%),before_after_showcase (50%),laxity_tightening (100%),product_aware (100%),no_offer (100%),0,,,50,"[""driver"", ""trust_safety"", 100, 90]",171,1578362106561626|1078811697877825
VIO Med Spa Solon,single_location,2,direct_offer (100%),offer_promo (100%),laxity_tightening (100%),most_aware (100%),percent_off (100%),0,,,0,"[""offer"", ""percent_off"", 100, 87]",9,1686769592390887|1737728907307923
Adulto mayor ultimate ,single_location,2,question (50%),catalog_generic (100%),fine_lines_wrinkles (50%),unaware (100%),no_offer (100%),0,,,100,"[""awareness_stage"", ""unaware"", 100, 96]",22,906656699196993|1767885617585027
Genesis Lifestyle Medicine - Nashville,single_location,2,direct_offer (100%),offer_promo (100%),laxity_tightening (100%),most_aware (100%),dollar_off (100%),2,0,0,0,"[""offer"", ""dollar_off"", 100, 86]",38,984618064606358|1405013881527990
Aesthetics by Grace MedSpa,single_location,2,direct_offer (50%),offer_promo (100%),unspecified (100%),most_aware (100%),first_treatment_price (100%),2,0,0,100,"[""offer"", ""first_treatment_price"", 100, 92]",17,1344605350780497|846460761789870
Wave Plastic Surgery & Aesthetic Laser Center,single_location,2,problem_callout (100%),problem_solution (100%),laxity_tightening (100%),product_aware (100%),no_offer (100%),1,0,0,0,"[""hook_archetype"", ""problem_callout"", 100, 86]",17,3297265850468829|933643889218441
Aesthetics by Vive,single_location,2,direct_offer (50%),offer_promo (100%),laxity_tightening (100%),product_aware (100%),percent_off (100%),2,0,0,0,"[""offer"", ""percent_off"", 100, 87]",65,1589863252705590|1654971189070789
17MedSpa,single_location,2,direct_offer (100%),offer_promo (100%),laxity_tightening (100%),most_aware (100%),percent_off (100%),0,,,50,"[""offer"", ""percent_off"", 100, 87]",29,4047331988732650|1761198008417733
Dr. Michael I. Jacobs Dermatology,single_location,2,problem_callout (50%),problem_solution (50%),texture_pores (50%),product_aware (100%),no_offer (100%),0,,,0,"[""driver"", ""transformation"", 100, 70]",21,2335476427224932|1019103701181806
Selenaclinic Beauty Skin Anti-aging Clinic in Korea,single_location,2,social_proof (100%),offer_promo (50%),laxity_tightening (50%),product_aware (50%),event_flash_sale (50%),0,,,0,"[""hook_archetype"", ""social_proof"", 100, 94]",102,982062481210745|1000335169070774
"Beijing Nubway S&T Co., Ltd.",single_location,2,question (50%),product_announcement (100%),unspecified (100%),solution_aware (100%),no_offer (100%),0,,,0,"[""format"", ""product_announcement"", 100, 93]",185,2169858237103095|1013898114973637
Caviar Skin Clinic,single_location,2,flat_spec (100%),educational_howto (100%),laxity_tightening (100%),solution_aware (100%),no_offer (100%),0,,,0,"[""format"", ""educational_howto"", 100, 92]",143,26654297384180375|815911838248939
OstarBeauty,single_location,2,flat_spec (50%),product_announcement (100%),unspecified (100%),product_aware (100%),no_offer (100%),0,,,100,"[""format"", ""product_announcement"", 100, 93]",266,1401147338015929|722456357357773
Brio Esthetics,single_location,2,direct_offer (50%),offer_promo (100%),fine_lines_wrinkles (100%),product_aware (100%),percent_off (100%),2,0,0,100,"[""downtime_handling"", ""downtime_denied"", 100, 90]",65,3099258930277404|2027371511498065
Marotta MedSpa,single_location,2,direct_offer (100%),offer_promo (100%),general_glow (100%),most_aware (100%),percent_off (100%),2,0,0,0,"[""offer"", ""percent_off"", 100, 87]",127,1520618219587787|2258973118292899
Genesis Med Spa 314,single_location,2,direct_offer (100%),offer_promo (100%),fine_lines_wrinkles (100%),most_aware (100%),event_flash_sale (100%),0,,,0,"[""offer"", ""event_flash_sale"", 100, 91]",30,1738049364194022|4370840533180573
Summerland Aesthetics,single_location,2,bold_claim (100%),offer_promo (100%),laxity_tightening (100%),solution_aware (100%),event_flash_sale (100%),2,0,0,100,"[""offer"", ""event_flash_sale"", 100, 91]",51,969778989451844|1742067196844725
JAX Aesthetics & Wellness Center,single_location,2,direct_offer (50%),offer_promo (100%),fine_lines_wrinkles (100%),product_aware (100%),percent_off (100%),2,0,0,100,"[""downtime_handling"", ""downtime_denied"", 100, 90]",51,1022107180792535|2308993909845152
Spa West Promotions,single_location,2,curiosity_tease (50%),offer_promo (100%),laxity_tightening (100%),product_aware (100%),event_flash_sale (100%),2,0,0,0,"[""offer"", ""event_flash_sale"", 100, 91]",15,1819705779207182|2570084603510202
Me Time Med Spa,single_location,2,direct_offer (100%),offer_promo (100%),laxity_tightening (100%),product_aware (100%),package_bundle (100%),2,0,0,100,"[""offer"", ""package_bundle"", 100, 94]",22,1390417349224351|29110499168540300
Aria Integrative Health,single_location,2,bold_claim (100%),product_announcement (100%),unspecified (100%),product_aware (100%),no_offer (100%),2,0,0,0,"[""format"", ""product_announcement"", 100, 93]",112,27068008219499410|1023980376825866
Fab Medical Aesthetics & Permanent Makeup,single_location,2,direct_offer (100%),offer_promo (100%),laxity_tightening (100%),product_aware (100%),package_bundle (100%),2,100,100,50,"[""offer"", ""package_bundle"", 100, 94]",14,2094885121117919|1090087833465903
Skinny Secrets,single_location,2,direct_offer (100%),offer_promo (100%),fine_lines_wrinkles (100%),most_aware (100%),dollar_off (100%),0,,,100,"[""indication"", ""fine_lines_wrinkles"", 100, 89]",36,1963719710954812|1380655520943656
Girltox Aesthetics,single_location,2,direct_offer (100%),catalog_generic (100%),unspecified (100%),most_aware (100%),dollar_off (100%),0,,,0,"[""format"", ""catalog_generic"", 100, 92]",39,1945422503304442|1030594426392923
Fountain of Youth Skin Renewal Centre,single_location,2,bold_claim (100%),offer_promo (100%),acne_scarring (100%),product_aware (100%),dollar_off (100%),2,0,0,100,"[""indication"", ""acne_scarring"", 100, 95]",17,3761686410637317|2337341633736371
PryorHealth Rockford,single_location,2,bold_claim (50%),offer_promo (100%),texture_pores (50%),solution_aware (100%),package_bundle (100%),0,,,0,"[""offer"", ""package_bundle"", 100, 94]",21,1752216055899112|4275927639217722
Carolyn Skincare MedSpa,single_location,2,direct_offer (100%),offer_promo (100%),laxity_tightening (100%),product_aware (100%),event_flash_sale (100%),0,,,0,"[""offer"", ""event_flash_sale"", 100, 91]",10,1933818667315449|1015137478238258
Aesthetics by NWA Lasers,single_location,2,direct_offer (50%),offer_promo (100%),unspecified (100%),most_aware (100%),percent_off (100%),2,0,0,0,"[""offer"", ""percent_off"", 100, 87]",16,629285483265121|682902780905652
IONA Clinic,single_location,2,bold_claim (50%),catalog_generic (50%),laxity_tightening (50%),product_aware (100%),no_offer (100%),0,,,100,"[""cta_intent"", ""message_us"", 100, 88]",3,2016186132361152|28603004059335890
Lumiere Laser Skin Clinic,single_location,2,problem_callout (50%),problem_solution (100%),laxity_tightening (50%),product_aware (100%),financing_monthly (100%),0,,,50,"[""offer"", ""financing_monthly"", 100, 99]",4,1063079859910673|1520229469869069
Athena Cryo,single_location,2,social_proof (50%),before_after_showcase (50%),laxity_tightening (100%),product_aware (100%),no_offer (100%),2,100,0,100,"[""modality"", ""rf_microneedling"", 100, 68]",24,1625506202329886|1569201484673628
Germain Dermatology,single_location,2,question (100%),product_announcement (50%),laxity_tightening (100%),product_aware (100%),no_offer (100%),2,0,0,0,"[""hook_archetype"", ""question"", 100, 92]",65,1337197908034399|1041591221663622
Wellness Center Cleveland,single_location,2,question (100%),problem_solution (100%),laxity_tightening (100%),product_aware (100%),no_offer (100%),2,0,0,100,"[""hook_archetype"", ""question"", 100, 92]",86,944286001976977|1946235549412824
Dra. Miriam Fernandez medicina estetica,single_location,2,question (50%),provider_authority (50%),unspecified (50%),product_aware (100%),no_offer (100%),0,,,50,"[""driver"", ""trust_safety"", 100, 90]",24,915437844965604|27875043282165275
Colorado Integrative Healthcare,single_location,2,direct_offer (100%),offer_promo (100%),laxity_tightening (100%),most_aware (100%),percent_off (100%),2,0,0,0,"[""offer"", ""percent_off"", 100, 87]",29,1622160892864977|2011763166141919
Walnut Creek Aesthetics,single_location,2,flat_spec (50%),product_announcement (50%),laxity_tightening (50%),product_aware (100%),dollar_off (100%),0,,,100,"[""downtime_handling"", ""downtime_denied"", 100, 90]",11,1107225958423882|1452490153360998
Linly Medspa and Wellness,single_location,2,flat_spec (50%),problem_solution (100%),laxity_tightening (100%),product_aware (100%),no_offer (100%),0,,,0,"[""cta_intent"", ""message_us"", 100, 88]",11,2154868492095169|1084438404522330
muse_medspa,single_location,2,direct_offer (50%),offer_promo (50%),unspecified (50%),most_aware (50%),gift_with_treatment (50%),0,,,0,"[""cta_intent"", ""message_us"", 100, 88]",7,1108986942078762|2100752754137175
Epanouir Aesthetic & Longevity Center,single_location,2,problem_callout (100%),problem_solution (50%),laxity_tightening (50%),product_aware (100%),percent_off (100%),0,,,100,"[""offer"", ""percent_off"", 100, 87]",10,1591230755689050|1084717020806733
Lilivy Aesthetics & Wellness,single_location,2,direct_offer (100%),offer_promo (100%),laxity_tightening (100%),most_aware (100%),gift_with_treatment (100%),0,,,100,"[""offer"", ""gift_with_treatment"", 100, 96]",3,1663113348503581|3065530163791450
Inbloom Medical Spa Londonderry,single_location,2,curiosity_tease (50%),educational_howto (50%),unspecified (100%),product_aware (100%),no_offer (100%),2,100,100,0,"[""indication"", ""unspecified"", 100, 85]",4,4431237127132429|1081173118174364
Simply Divine Aesthetics,single_location,2,direct_offer (100%),offer_promo (100%),laxity_tightening (100%),most_aware (100%),event_flash_sale (100%),2,0,0,100,"[""offer"", ""event_flash_sale"", 100, 91]",31,1811725083321003|2233599100722887
Gemini Glow Med Spa,single_location,2,bold_claim (100%),comparison_switch (100%),fine_lines_wrinkles (100%),product_aware (100%),first_treatment_price (100%),2,50,0,100,"[""format"", ""comparison_switch"", 100, 96]",11,1013098045115207|1452721953430110
VitaCell Medical Spa,single_location,2,flat_spec (100%),product_announcement (100%),texture_pores (100%),product_aware (100%),no_offer (100%),0,,,0,"[""indication"", ""texture_pores"", 100, 94]",57,1712752119935310|1692150458533778
Zior Skin,single_location,2,before_after_reveal (50%),before_after_showcase (50%),texture_pores (50%),product_aware (100%),no_offer (100%),0,,,50,"[""cta_intent"", ""learn_educate"", 100, 80]",3,2067116530839481|1550933210410194
Glow Medical Spa,single_location,2,direct_offer (100%),offer_promo (100%),laxity_tightening (100%),most_aware (100%),dollar_off (100%),2,0,0,50,"[""downtime_handling"", ""downtime_denied"", 100, 90]",2,1110805938082692|2205775869988449
Elaine Esthetics,single_location,2,bold_claim (50%),lifestyle_aspiration (50%),unspecified (50%),solution_aware (50%),first_treatment_price (50%),0,,,50,"[""cta_intent"", ""lead_capture"", 100, 55]",289,1358407425780643|1369204905255959
Serenity Medical Spa,single_location,2,question (100%),catalog_generic (100%),general_glow (100%),unaware (100%),no_offer (100%),0,,,100,"[""driver"", ""lifestyle_aspiration"", 100, 96]",568,1869421757194602|1586271945742413
Willis Cosmetic Surgery & MedSpa,single_location,2,bold_claim (50%),provider_authority (50%),fine_lines_wrinkles (100%),solution_aware (100%),no_offer (100%),0,,,0,"[""indication"", ""fine_lines_wrinkles"", 100, 89]",379,4064599743869981|2890774574457107
Dr Laser Baltimore,single_location,2,bold_claim (100%),offer_promo (50%),pigmentation_sun_damage (100%),product_aware (100%),gift_with_treatment (50%),2,0,0,100,"[""modality"", ""ipl_bbl"", 100, 99]",534,3000896083412282|1251338426222950
"Illuminate Plastic Surgery, Inc.",single_location,1,direct_offer (100%),offer_promo (100%),unspecified (100%),product_aware (100%),dollar_off (100%),0,,,100,null,109,1605945993837574
Plaza Aesthetics,single_location,1,bold_claim (100%),catalog_generic (100%),unspecified (100%),unaware (100%),no_offer (100%),1,0,0,0,null,221,900512055765364
Skinsation Aesthetics - Med Spa,single_location,1,direct_offer (100%),offer_promo (100%),general_glow (100%),most_aware (100%),event_flash_sale (100%),1,0,0,0,null,112,2050143639230783
Consultants in Ophthalmic and Facial Plastic Surgery,single_location,1,flat_spec (100%),provider_authority (100%),unspecified (100%),unaware (100%),no_offer (100%),1,0,0,0,null,183,1643186613367806
Hodag HydrO2 - Rhinelander,single_location,1,problem_callout (100%),offer_promo (100%),laxity_tightening (100%),solution_aware (100%),free_consult (100%),1,0,0,100,null,130,2520452831758183
NWME Aesthetics,single_location,1,flat_spec (100%),educational_howto (100%),texture_pores (100%),solution_aware (100%),no_offer (100%),0,,,0,null,17,1039137485814210
Aesthetics Medical Spa Lansing,single_location,1,problem_callout (100%),offer_promo (100%),laxity_tightening (100%),product_aware (100%),event_flash_sale (100%),1,0,0,0,null,123,1358649986168801
The Radiance MD,single_location,1,question (100%),offer_promo (100%),fine_lines_wrinkles (100%),solution_aware (100%),event_flash_sale (100%),0,,,0,null,39,1737786694614062
Alyne Aesthetics & Med Spa,single_location,1,direct_offer (100%),offer_promo (100%),general_glow (100%),most_aware (100%),event_flash_sale (100%),1,100,0,0,null,14,1595650912291710
Ageless Affairs,single_location,1,bold_claim (100%),offer_promo (100%),pigmentation_sun_damage (100%),product_aware (100%),percent_off (100%),1,0,0,100,null,35,1557021796132280
Injec Denver,single_location,1,problem_callout (100%),comparison_switch (100%),fine_lines_wrinkles (100%),solution_aware (100%),no_offer (100%),0,,,100,null,65,1671869764098425
ReGenesis Wellness & Medspa,single_location,1,question (100%),offer_promo (100%),laxity_tightening (100%),product_aware (100%),gift_with_treatment (100%),1,0,0,0,null,84,1517385493412039
Clevens Face and Body Specialists,regional_group,1,direct_offer (100%),offer_promo (100%),laxity_tightening (100%),most_aware (100%),dollar_off (100%),1,0,0,0,null,16,984317784702593
The Longevity Center Greenville,single_location,1,problem_callout (100%),provider_authority (100%),fine_lines_wrinkles (100%),solution_aware (100%),dollar_off (100%),1,100,0,0,null,22,1823894742355150
SKINnovative Medical Aesthetics,single_location,1,bold_claim (100%),problem_solution (100%),general_glow (100%),product_aware (100%),no_offer (100%),0,,,100,null,6,840088009124899
Skin Care Institute,single_location,1,direct_offer (100%),offer_promo (100%),general_glow (100%),most_aware (100%),event_flash_sale (100%),1,0,0,0,null,4,1784658939402050
Dr. Mehmet Cömert,single_location,1,before_after_reveal (100%),before_after_showcase (100%),general_glow (100%),product_aware (100%),no_offer (100%),0,,,0,null,3,2480614679090144
Skin Spot Laser Club,single_location,1,direct_offer (100%),offer_promo (100%),laxity_tightening (100%),solution_aware (100%),dollar_off (100%),1,0,0,100,null,350,4116115745272703
Reston Aesthetics,single_location,1,direct_offer (100%),offer_promo (100%),laxity_tightening (100%),most_aware (100%),dollar_off (100%),1,0,0,0,null,162,1704338340727842
Aesthetic Artistry,single_location,1,problem_callout (100%),offer_promo (100%),laxity_tightening (100%),most_aware (100%),first_treatment_price (100%),1,0,0,100,null,86,1036729909300047
Love Yourself Medspa,single_location,1,problem_callout (100%),offer_promo (100%),fine_lines_wrinkles (100%),most_aware (100%),dollar_off (100%),1,0,0,0,null,44,1452417820028950
IBeauty Med Spa Sylvania,single_location,1,direct_offer (100%),offer_promo (100%),fine_lines_wrinkles (100%),most_aware (100%),percent_off (100%),1,0,0,100,null,95,1042871991429053
Bella Viságe Medical & Aesthetic Rejuvenation Lakeland,single_location,1,problem_callout (100%),offer_promo (100%),fine_lines_wrinkles (100%),product_aware (100%),dollar_off (100%),1,100,0,0,null,30,1363464869329005
OneLife Health & Performance,single_location,1,direct_offer (100%),offer_promo (100%),fine_lines_wrinkles (100%),most_aware (100%),percent_off (100%),1,0,0,100,null,91,1332035815731640
Naya Well,single_location,1,problem_callout (100%),problem_solution (100%),fine_lines_wrinkles (100%),product_aware (100%),first_treatment_price (100%),1,0,0,100,null,17,1568203577537702
Sculpt Aesthetics Med Spa,single_location,1,direct_offer (100%),offer_promo (100%),laxity_tightening (100%),most_aware (100%),event_flash_sale (100%),1,0,0,100,null,112,1682738063015582
Euphoria Skin & Hair,single_location,1,problem_callout (100%),offer_promo (100%),laxity_tightening (100%),most_aware (100%),dollar_off (100%),1,0,0,100,null,46,1971305893570082
"Princeton Rejuvenation Institute, LLC",single_location,1,problem_callout (100%),problem_solution (100%),laxity_tightening (100%),solution_aware (100%),free_consult (100%),1,0,0,0,null,4,1616871889835428
Facelift TJ,single_location,1,bold_claim (100%),provider_authority (100%),laxity_tightening (100%),product_aware (100%),package_bundle (100%),0,,,100,null,7,1354367256772575
615 Aesthetics,single_location,1,flat_spec (100%),educational_howto (100%),texture_pores (100%),product_aware (100%),no_offer (100%),0,,,0,null,59,2114190276163085
Expressions MD Medical Spa and Laser Center,single_location,1,direct_offer (100%),offer_promo (100%),pigmentation_sun_damage (100%),product_aware (100%),dollar_off (100%),1,0,0,100,null,15,2324081495001270
Clark Institute for Aesthetics,single_location,1,bold_claim (100%),problem_solution (100%),pigmentation_sun_damage (100%),product_aware (100%),free_consult (100%),1,100,0,100,null,99,976876121812582
CosmoPlastic medspa,single_location,1,direct_offer (100%),offer_promo (100%),laxity_tightening (100%),product_aware (100%),percent_off (100%),0,,,0,null,2,1828758025455761
Dosha Balanced Hendersonville ,single_location,1,direct_offer (100%),offer_promo (100%),general_glow (100%),most_aware (100%),event_flash_sale (100%),0,,,0,null,1,1413267534092098
John Ross,single_location,1,problem_callout (100%),educational_howto (100%),unspecified (100%),problem_aware (100%),no_offer (100%),1,0,0,0,null,144,1502123608236684
Qj-2805,single_location,1,curiosity_tease (100%),lifestyle_aspiration (100%),unspecified (100%),unaware (100%),no_offer (100%),0,,,0,null,20,1380247700345970
Mindvalley,single_location,1,question (100%),educational_howto (100%),unspecified (100%),unaware (100%),no_offer (100%),1,100,0,0,null,30,1040798491997294
GLO30 Voice of America Cincinnati ,single_location,1,flat_spec (100%),product_announcement (100%),general_glow (100%),product_aware (100%),package_bundle (100%),1,100,0,0,null,31,1619122622881732
LifeSculpt- Arlington Heights,single_location,1,direct_offer (100%),offer_promo (100%),laxity_tightening (100%),product_aware (100%),percent_off (100%),0,,,0,null,112,2881510612219047
VIO Med Spa Charlotte REA Farms,single_location,1,bold_claim (100%),offer_promo (100%),laxity_tightening (100%),product_aware (100%),percent_off (100%),0,,,0,null,84,3187504428305335
Clark Medical Cosmetics,single_location,1,direct_offer (100%),offer_promo (100%),laxity_tightening (100%),most_aware (100%),package_bundle (100%),0,,,100,null,115,2830474483978477
LifeSculpt,single_location,1,direct_offer (100%),offer_promo (100%),laxity_tightening (100%),product_aware (100%),percent_off (100%),0,,,0,null,24,1458066329491074
Spa One Utah,single_location,1,problem_callout (100%),problem_solution (100%),pigmentation_sun_damage (100%),problem_aware (100%),free_consult (100%),1,0,0,0,null,147,1007950265226138
Rockstar Wellness Clinic Ads,single_location,1,direct_offer (100%),problem_solution (100%),laxity_tightening (100%),most_aware (100%),first_treatment_price (100%),1,0,0,0,null,31,1306865121334515
Organic Skin & Body Medical Aesthetics,single_location,1,flat_spec (100%),product_announcement (100%),acne_scarring (100%),product_aware (100%),free_consult (100%),0,,,0,null,199,1899534187354238
Ortaclinic.en,single_location,1,before_after_reveal (100%),testimonial_ugc (100%),general_glow (100%),product_aware (100%),no_offer (100%),1,100,0,0,null,35,1327871929545084
Skinovative of Gilbert,single_location,1,problem_callout (100%),problem_solution (100%),laxity_tightening (100%),most_aware (100%),dollar_off (100%),1,0,0,100,null,34,1773934890287865
Bevara Med Spa,single_location,1,direct_offer (100%),offer_promo (100%),unspecified (100%),most_aware (100%),package_bundle (100%),0,,,0,null,17,1064772203180471
Skintuition Medspa,single_location,1,direct_offer (100%),offer_promo (100%),laxity_tightening (100%),most_aware (100%),dollar_off (100%),1,0,0,100,null,148,2420210431831691
Delta Laser & Skin Care Centre,single_location,1,direct_offer (100%),offer_promo (100%),laxity_tightening (100%),most_aware (100%),dollar_off (100%),0,,,0,null,18,1827970061522645
Be Your Kind ,single_location,1,direct_offer (100%),offer_promo (100%),laxity_tightening (100%),most_aware (100%),first_treatment_price (100%),1,0,0,0,null,17,2549329425531030
Karasmatic Day Spa,single_location,1,problem_callout (100%),problem_solution (100%),laxity_tightening (100%),most_aware (100%),dollar_off (100%),1,0,0,100,null,38,1606695564125574
Valley Medical Weight Loss,single_location,1,direct_offer (100%),offer_promo (100%),unspecified (100%),most_aware (100%),dollar_off (100%),1,0,0,0,null,37,1784419579578560
Bella Medspa Atl,single_location,1,problem_callout (100%),problem_solution (100%),laxity_tightening (100%),most_aware (100%),first_treatment_price (100%),1,0,0,100,null,13,915624534520840
Sculpt Aesthetics & Plastic Surgery - Fairfax,single_location,1,direct_offer (100%),offer_promo (100%),laxity_tightening (100%),most_aware (100%),event_flash_sale (100%),1,0,0,0,null,10,1591311842718238
Dr Rosy Sandhu,single_location,1,direct_offer (100%),offer_promo (100%),laxity_tightening (100%),product_aware (100%),first_treatment_price (100%),1,0,0,100,null,16,1123405950115319
"Mirabile M.D. Beauty, Health & Wellness",single_location,1,direct_offer (100%),offer_promo (100%),laxity_tightening (100%),most_aware (100%),percent_off (100%),1,0,0,0,null,4,1588571959331660
Aspire Functional Aesthetics & Wellness,single_location,1,direct_offer (100%),offer_promo (100%),laxity_tightening (100%),product_aware (100%),first_treatment_price (100%),1,0,0,0,null,28,2011322782920922
Venus Concept,device_manufacturer,1,flat_spec (100%),product_announcement (100%),unspecified (100%),product_aware (100%),no_offer (100%),1,0,0,0,null,29,1273565698158568
"Solara Skin & Laser Center, Anchorage AK",single_location,1,before_after_reveal (100%),before_after_showcase (100%),laxity_tightening (100%),product_aware (100%),no_offer (100%),0,,,100,null,350,1874144066646273
The One Beauty Bar,single_location,1,direct_offer (100%),offer_promo (100%),laxity_tightening (100%),product_aware (100%),event_flash_sale (100%),0,,,100,null,101,1706508483805129
Senniyo Aesthetics International School of Canada Inc. 仙妮亞國際美容訓練學校,single_location,1,question (100%),catalog_generic (100%),unspecified (100%),unaware (100%),no_offer (100%),0,,,0,null,49,2109141143331985
Renaissance Medispa and Wellness Center,single_location,1,bold_claim (100%),offer_promo (100%),fine_lines_wrinkles (100%),solution_aware (100%),percent_off (100%),1,0,0,100,null,37,905298742634313
Heritage Wellness & Med Spa,single_location,1,direct_offer (100%),offer_promo (100%),laxity_tightening (100%),product_aware (100%),package_bundle (100%),1,0,0,0,null,11,2520890805098205
The Skin Clinic Aesthetics + Wellness,single_location,1,direct_offer (100%),offer_promo (100%),unspecified (100%),most_aware (100%),percent_off (100%),0,,,0,null,14,1112258767802253
Aesthetics by VIP,single_location,1,direct_offer (100%),offer_promo (100%),fine_lines_wrinkles (100%),product_aware (100%),percent_off (100%),1,0,0,100,null,41,1611403900325687
Aesthetics by White MD,single_location,1,bold_claim (100%),product_announcement (100%),unspecified (100%),product_aware (100%),no_offer (100%),1,0,0,0,null,37,1342809734635727
Bridgestone,single_location,1,flat_spec (100%),lifestyle_aspiration (100%),unspecified (100%),unaware (100%),no_offer (100%),1,0,0,0,null,65,1303123238279738
Renovio,single_location,1,bold_claim (100%),product_announcement (100%),unspecified (100%),unaware (100%),no_offer (100%),0,,,0,null,7,1049934468043672
LT Beauty,single_location,1,direct_offer (100%),offer_promo (100%),pigmentation_sun_damage (100%),most_aware (100%),first_treatment_price (100%),0,,,0,null,81,999246872711525
Center for Plastic Surgery,single_location,1,problem_callout (100%),offer_promo (100%),laxity_tightening (100%),product_aware (100%),first_treatment_price (100%),1,0,0,100,null,36,4064472613857497
New Image Med Spa,single_location,1,direct_offer (100%),offer_promo (100%),laxity_tightening (100%),most_aware (100%),event_flash_sale (100%),1,0,0,100,null,2,1077889347938682
Advanced Skin and Body Solutions,single_location,1,direct_offer (100%),offer_promo (100%),laxity_tightening (100%),most_aware (100%),dollar_off (100%),1,0,0,100,null,108,1218881736880101
"RejuvaYou Medical - John Shieh, MD",single_location,1,direct_offer (100%),offer_promo (100%),general_glow (100%),product_aware (100%),dollar_off (100%),0,,,0,null,1,1080492788041077
GlowRight,single_location,1,social_proof (100%),testimonial_ugc (100%),unspecified (100%),unaware (100%),no_offer (100%),1,0,0,0,null,318,1195821935783749
Dermani Medspa,national_chain,1,direct_offer (100%),offer_promo (100%),general_glow (100%),most_aware (100%),first_treatment_price (100%),0,,,0,null,95,1555352362873491
AURĀE MedSpa,single_location,1,direct_offer (100%),offer_promo (100%),pigmentation_sun_damage (100%),product_aware (100%),event_flash_sale (100%),1,0,0,0,null,8,867053363124546
New Hope Aesthetics - Skin Rejuvenation,single_location,1,direct_offer (100%),offer_promo (100%),laxity_tightening (100%),most_aware (100%),dollar_off (100%),1,0,0,100,null,28,7674673979471751
Daela Cosmetic Tattoo,single_location,1,bold_claim (100%),catalog_generic (100%),general_glow (100%),product_aware (100%),no_offer (100%),1,0,0,100,null,179,965980545965677
ST MED SPA,single_location,1,direct_offer (100%),offer_promo (100%),pigmentation_sun_damage (100%),product_aware (100%),event_flash_sale (100%),0,,,0,null,981,298211079390546
Anne's Skincare Blog,single_location,1,bold_claim (100%),testimonial_ugc (100%),fine_lines_wrinkles (100%),problem_aware (100%),no_offer (100%),0,,,100,null,561,1388129385547801
Uplift Wellness and Aesthetics,single_location,1,flat_spec (100%),catalog_generic (100%),unspecified (100%),solution_aware (100%),no_offer (100%),0,,,0,null,466,609286202180532
Maia Medspa,single_location,1,before_after_reveal (100%),before_after_showcase (100%),general_glow (100%),unaware (100%),no_offer (100%),0,,,100,null,485,1217684165960471
Dr. Peter Malouf Dermatology,single_location,1,before_after_reveal (100%),before_after_showcase (100%),laxity_tightening (100%),product_aware (100%),no_offer (100%),0,,,0,null,483,1240505861130870
Biologi MD Newport,single_location,1,direct_offer (100%),offer_promo (100%),fine_lines_wrinkles (100%),most_aware (100%),percent_off (100%),0,,,100,null,460,1920440575381270
"Ralph Garramone, Plastic Surgeon and Medi-Spa",single_location,1,direct_offer (100%),offer_promo (100%),unspecified (100%),most_aware (100%),package_bundle (100%),0,,,0,null,773,291464614027962
Premiere Center for Cosmetic Surgery,single_location,1,direct_offer (100%),offer_promo (100%),laxity_tightening (100%),product_aware (100%),free_consult (100%),0,,,0,null,497,669392295729747
Halo aesthetic bar,single_location,1,direct_offer (100%),offer_promo (100%),laxity_tightening (100%),most_aware (100%),percent_off (100%),0,,,0,null,711,492389176950908
Effortless Touch Miami,single_location,1,bold_claim (100%),educational_howto (100%),fine_lines_wrinkles (100%),product_aware (100%),no_offer (100%),0,,,100,null,778,513969821133526
The Esthetic,single_location,1,flat_spec (100%),catalog_generic (100%),unspecified (100%),solution_aware (100%),no_offer (100%),0,,,0,null,400,735702559442513
LIV Dermatology,single_location,1,question (100%),provider_authority (100%),laxity_tightening (100%),product_aware (100%),no_offer (100%),0,,,100,null,522,1661256201197751
740 Park Beauty & Hair Restoration,single_location,1,bold_claim (100%),product_announcement (100%),laxity_tightening (100%),product_aware (100%),no_offer (100%),0,,,0,null,847,2710536949127066
Aesthetics by Juliet,single_location,1,bold_claim (100%),provider_authority (100%),unspecified (100%),solution_aware (100%),no_offer (100%),0,,,100,null,403,1288580802824232
Clique Salon and Med Spa,single_location,1,flat_spec (100%),catalog_generic (100%),unspecified (100%),product_aware (100%),no_offer (100%),0,,,0,null,1492,367917582209176
Autotrend Mobility,single_location,1,question (100%),product_announcement (100%),unspecified (100%),product_aware (100%),no_offer (100%),0,,,0,null,406,1921987978582315
Thrive Aesthetics Chico,single_location,1,bold_claim (100%),product_announcement (100%),laxity_tightening (100%),product_aware (100%),no_offer (100%),0,,,100,null,372,686929647019009
Premier Aesthetics of Billings Plastic Surgery,single_location,1,social_proof (100%),testimonial_ugc (100%),unspecified (100%),product_aware (100%),no_offer (100%),1,100,0,100,null,695,1195798188345836
Dra. Carmen Nava ,single_location,1,bold_claim (100%),product_announcement (100%),laxity_tightening (100%),product_aware (100%),no_offer (100%),0,,,100,null,443,2564649933874121
XUNA,single_location,1,question (100%),educational_howto (100%),fine_lines_wrinkles (100%),product_aware (100%),no_offer (100%),0,,,100,null,783,816171900605622
NurseChristyNYC,single_location,1,flat_spec (100%),provider_authority (100%),texture_pores (100%),product_aware (100%),no_offer (100%),0,,,0,null,863,1507102350020118
Salt Spa & Wellness Center,single_location,1,problem_callout (100%),problem_solution (100%),fine_lines_wrinkles (100%),product_aware (100%),no_offer (100%),0,,,100,null,458,1866549887472516
latenightmedspachicago,single_location,1,flat_spec (100%),catalog_generic (100%),unspecified (100%),unaware (100%),no_offer (100%),0,,,0,null,650,954255790096187
Advanced Laser & Aesthetics Inc,single_location,1,direct_offer (100%),catalog_generic (100%),unspecified (100%),most_aware (100%),percent_off (100%),0,,,0,null,366,2952003418325188
Bespoke dermatology & aesthetics,single_location,1,flat_spec (100%),product_announcement (100%),melasma (100%),product_aware (100%),percent_off (100%),0,,,100,null,458,989993929876166
